IES67THG3EP,Mufutau Washington,Australia,68.3,lorem.ipsum@aol.couk
GLI29YIV7OS,Dean Whitfield,Australia,82.23,eros.nec@google.edu
HCK64BWP0QO,Cleo O'donnell,Australia,13.14,sit.amet@google.edu
JTU61LGH0XC,Cooper Thornton,Australia,84.24,pede.blandit.congue@hotmail.ca
UDQ50PVT7LQ,Henry Cole,Austria,2.1,quisque.fringilla@aol.edu
IEH50TUH8XM,Ivan Duncan,Austria,55.09,blandit.mattis.cras@protonmail.ca
SBD59CGA8RL,April Merritt,Belgium,66.03,convallis.in@aol.ca
EAY91XIX8MB,Jorden Osborn,Belgium,2.52,quis.urna@outlook.org
XID33QKL7VQ,Herman Pope,Belgium,38.02,integer.aliquam.adipiscing@google.ca
ESM56LQJ1VY,Wylie Saunders,Belgium,93.01,blandit.enim@aol.edu
KEX96LUB0QS,Orla Hughes,Canada,41.97,aliquam.arcu.aliquam@outlook.org
COX17AML9DD,Timothy Moss,Chile,93.1,cum.sociis.natoque@protonmail.ca
GHP63BHL0TF,Rigel Stokes,Chile,73.48,aliquam.nisl@yahoo.org
YLC05NKC2MQ,Wanda Best,Chile,39.16,a.purus.duis@hotmail.org
FKF64CCP6GC,Claudia Puckett,Chile,32.61,quisque@protonmail.edu
IYB66NTV5XO,Raymond House,China,98.36,ipsum.ac.mi@hotmail.net
GPO89ALH5DU,Vanna Anthony,China,32.85,at.libero.morbi@google.com
NCO36ANL1JN,Quentin Conway,China,66.34,et@google.edu
XWX52TRM3NN,Alec Valdez,China,98.68,ac@hotmail.ca
SUC23PQE7RV,Dieter Stuart,Colombia,9.82,non.sapien@google.ca
YMR85PQQ0ZJ,September Richardson,Colombia,11.96,ultricies.dignissim.lacus@google.edu
DGJ35SCW2YT,Kellie Valencia,Colombia,69.02,ac.ipsum@hotmail.couk
SXD41SWI4ZN,Adele Heath,Colombia,6.55,purus@aol.com
RJK39FTK6XD,Austin Wright,Costa Rica,5.33,sapien@yahoo.net
MYS24ATS8VE,Velma Greer,France,37.4,tempor@google.net
VFO55QJL9KB,Rachel Pitts,France,90.51,quisque.ornare@icloud.couk
WYD72XPE4KT,Kylie Hatfield,Germany,90.12,arcu.curabitur@outlook.net
HFJ69TPH3VQ,Carolyn Chan,Germany,64.37,pharetra.quisque@icloud.org
GYO32JQH5EU,Dorian Stein,Germany,53.74,pulvinar.arcu@icloud.ca
FQR36EON6YI,Callie Wells,Germany,68.53,mollis.non@icloud.org
OIW46BMC8NZ,April Church,Germany,70.9,id.magna@icloud.net
COL19BGB2JI,Amelia Kirby,Germany,69.4,metus.aliquam@icloud.edu
YKV67ZVW7QI,Thomas Leblanc,Germany,15.84,luctus.ipsum@yahoo.edu
UFA54JMF3GH,Kaye Weber,India,44.13,integer@outlook.com
ABR23AYK4WO,Reed Cross,India,10.64,cursus@outlook.ca
SYV04HNQ2QE,Rose Aguirre,India,18.8,aliquam.vulputate@outlook.com
NKD33QAC9QD,Nerea Greer,India,94.6,mauris@protonmail.edu
KUW69IUV8JU,Maris Lott,India,81.49,nascetur.ridiculus@yahoo.org
LKK27BIK6XT,Damon Merritt,India,32.52,morbi.metus.vivamus@yahoo.edu
FXL82SPA0JA,Levi Good,India,62.06,tempus.non@aol.ca
OQN71PLN6ZR,Vincent Orr,Indonesia,31.49,non.vestibulum@icloud.org
HON66BQX7UJ,Gay Fox,Indonesia,76.51,amet@hotmail.org
ENZ88BVM1GV,Malcolm Battle,Indonesia,61.92,vivamus.non@protonmail.edu
YNW71WCR1LI,Carl Gates,Ireland,54.74,nisi.magna.sed@yahoo.net
WSB97SKT1OG,Addison Dale,Ireland,77.47,amet@aol.couk
XWQ65UTE8PB,Ryan Villarreal,Ireland,36.25,tempus.eu@aol.ca
OCY08QEF2GV,Hanna Evans,Ireland,45.15,donec.felis@outlook.net
EWE23AZG8RV,Hilel Riley,Italy,75.78,justo@protonmail.net
GLK42CXL8TL,Emi Harper,Italy,40.04,eu.ligula.aenean@google.couk
JPV14KFQ8TG,Kirestin Holder,Italy,77.48,in.molestie.tortor@aol.com
QOL88ULP2XT,Ariana Sosa,Mexico,67.42,a.nunc@yahoo.couk
QFB54MWX4OP,Portia Mclaughlin,Mexico,72.04,vestibulum.ut.eros@yahoo.com
EWI26EHF8VE,Elaine Kennedy,Mexico,52.65,nullam@protonmail.couk
OZA35TWC8VN,Barclay Cooke,Mexico,38.49,lacinia.at@icloud.net
WQP69BZM6XM,Kirk Gibson,Netherlands,84.15,a.feugiat.tellus@icloud.net
VUE82KBO7HX,Adrian Serrano,Netherlands,72.22,maecenas.ornare@outlook.edu
EBM48PFX2TX,Mannix Bell,Netherlands,87.56,dignissim.maecenas@hotmail.com
BRM73SZD6YM,Beck Hutchinson,Netherlands,78.77,tellus.id.nunc@protonmail.edu
QYM84SYY2OG,Zelda Mann,New Zealand,50.95,ligula@icloud.org
TNF21XJY5OT,Desirae Anderson,New Zealand,9.55,libero.est@aol.couk
ZYO53ITH9SF,Zorita Frank,New Zealand,4.15,a@yahoo.edu
TXS02HNP4VH,Tiger Cervantes,New Zealand,75.54,fringilla@aol.couk
EVT11AHU5GJ,Alan Curry,Nigeria,15.73,odio@google.com
HLI64SQK4VC,Hayes Price,Nigeria,51.31,metus@hotmail.com
SHV62SQM7TM,Reece Mccullough,Nigeria,88.48,sodales.mauris@hotmail.couk
NIN70KJG5PW,Wylie Whitney,Nigeria,25.3,mi.eleifend.egestas@hotmail.couk
MUI67TPN3MN,Uriah Kirk,Nigeria,99.84,nullam.scelerisque@outlook.ca
CEY93XDY5GV,Alfonso Kline,Norway,66.92,commodo@icloud.ca
YKH77IMX6TP,Yvette Cameron,Norway,58.17,orci.donec@icloud.com
RRR83GRB8QY,Lunea Horton,Norway,54.09,non@aol.com
PXG61RRV8FO,Garrett Lynn,Pakistan,62.22,lectus@google.edu
PJO05HZM3IB,Yardley Sweeney,Pakistan,34.3,nisi.mauris@hotmail.ca
TJG64SEY8PO,Charles Tran,Philippines,72.07,et.ultrices@outlook.net
LQS57UTB4QY,Kai Leach,Philippines,55.24,enim@google.ca
EJJ18IQQ7FI,Mercedes Wilkerson,Philippines,68.45,lorem.tristique@outlook.edu
FYP66CAS5TK,Madaline Chen,Russian Federation,78.86,ut.mi@outlook.ca
PLU03QNO4WU,Irma Hodges,Singapore,98.02,magna.nec@google.net
QGH39EWX4ND,Sharon Wilder,Singapore,82.4,sagittis.felis@hotmail.ca
BFQ85FVX5FI,Dara Steele,South Africa,46.48,fames.ac.turpis@aol.couk
YXI89CWQ8TW,Axel Melendez,South Africa,63.84,nunc@aol.couk
ABM57QIX8KX,Oscar Delgado,South Africa,36.49,ac.urna@hotmail.edu
ODF00HLI5KQ,Hector Rice,South Korea,20.63,purus.in@outlook.org
NWE32DDJ7PP,Rajah Guerra,South Korea,96.39,eget.mollis@icloud.couk
YGV17LRC3WX,Susan Woodard,Spain,38.75,nec.luctus.felis@protonmail.com
ZGK54MXB4TJ,Kirestin Fisher,Spain,34.81,neque.pellentesque.massa@google.couk
PFI94NIV6YD,Rahim Ryan,Turkey,81.9,lobortis.ultrices@aol.couk
ESQ58VSP9OX,Bert Grimes,Ukraine,23.37,ultrices@google.edu
CRG17SQI2WC,Ursula Olsen,Ukraine,53.34,augue@icloud.org
UWD67FNR7QP,Bradley Bowman,United Kingdom,25.2,eu.nulla@aol.net
ODS85FLJ9ZF,Thane Welch,United Kingdom,86.84,metus.eu.erat@icloud.net
OBP30BTX9XD,Winter Holland,United States,87.44,cursus.et.eros@google.com
XOS79UWC3VI,Troy Fleming,United States,66.92,et.magnis.dis@hotmail.edu
EKF31RQO1UU,Clayton Valenzuela,United States,9.32,mus.proin.vel@hotmail.ca
ILJ16HJR4DN,Ryder Salinas,United States,45.6,curae.donec@hotmail.edu
LNW72GDD5GQ,Dieter Gomez,United States,89.71,sed.diam@protonmail.couk
KAC71QHS4LN,Claudia Good,Vietnam,20.41,quis.pede@hotmail.net
WIM69QOS6RF,Maxine Wooten,Vietnam,77.6,non@icloud.couk
VRF03ZDR2HQ,Blake Jennings,Vietnam,26.49,et.magnis@yahoo.edu
XND37ORR2ID,Ira Reynolds,Vietnam,60.19,sapien.aenean@icloud.edu
KTA76HEV8LX,Ray Cooke,Vietnam,72.25,tincidunt.vehicula@outlook.com
UDQ50PVT7LQ,Henry Cole,Austria,2.1,quisque.fringilla@aol.edu
EAY91XIX8MB,Jorden Osborn,Belgium,2.52,quis.urna@outlook.org
ZYO53ITH9SF,Zorita Frank,New Zealand,4.15,a@yahoo.edu
RJK39FTK6XD,Austin Wright,Costa Rica,5.33,sapien@yahoo.net
SXD41SWI4ZN,Adele Heath,Colombia,6.55,purus@aol.com
EKF31RQO1UU,Clayton Valenzuela,United States,9.32,mus.proin.vel@hotmail.ca
TNF21XJY5OT,Desirae Anderson,New Zealand,9.55,libero.est@aol.couk
SUC23PQE7RV,Dieter Stuart,Colombia,9.82,non.sapien@google.ca
ABR23AYK4WO,Reed Cross,India,10.64,cursus@outlook.ca
YMR85PQQ0ZJ,September Richardson,Colombia,11.96,ultricies.dignissim.lacus@google.edu
HCK64BWP0QO,Cleo O'donnell,Australia,13.14,sit.amet@google.edu
EVT11AHU5GJ,Alan Curry,Nigeria,15.73,odio@google.com
YKV67ZVW7QI,Thomas Leblanc,Germany,15.84,luctus.ipsum@yahoo.edu
SYV04HNQ2QE,Rose Aguirre,India,18.8,aliquam.vulputate@outlook.com
KAC71QHS4LN,Claudia Good,Vietnam,20.41,quis.pede@hotmail.net
ODF00HLI5KQ,Hector Rice,South Korea,20.63,purus.in@outlook.org
ESQ58VSP9OX,Bert Grimes,Ukraine,23.37,ultrices@google.edu
UWD67FNR7QP,Bradley Bowman,United Kingdom,25.2,eu.nulla@aol.net
NIN70KJG5PW,Wylie Whitney,Nigeria,25.3,mi.eleifend.egestas@hotmail.couk
VRF03ZDR2HQ,Blake Jennings,Vietnam,26.49,et.magnis@yahoo.edu
OQN71PLN6ZR,Vincent Orr,Indonesia,31.49,non.vestibulum@icloud.org
LKK27BIK6XT,Damon Merritt,India,32.52,morbi.metus.vivamus@yahoo.edu
FKF64CCP6GC,Claudia Puckett,Chile,32.61,quisque@protonmail.edu
GPO89ALH5DU,Vanna Anthony,China,32.85,at.libero.morbi@google.com
PJO05HZM3IB,Yardley Sweeney,Pakistan,34.3,nisi.mauris@hotmail.ca
ZGK54MXB4TJ,Kirestin Fisher,Spain,34.81,neque.pellentesque.massa@google.couk
XWQ65UTE8PB,Ryan Villarreal,Ireland,36.25,tempus.eu@aol.ca
ABM57QIX8KX,Oscar Delgado,South Africa,36.49,ac.urna@hotmail.edu
MYS24ATS8VE,Velma Greer,France,37.4,tempor@google.net
XID33QKL7VQ,Herman Pope,Belgium,38.02,integer.aliquam.adipiscing@google.ca
OZA35TWC8VN,Barclay Cooke,Mexico,38.49,lacinia.at@icloud.net
YGV17LRC3WX,Susan Woodard,Spain,38.75,nec.luctus.felis@protonmail.com
YLC05NKC2MQ,Wanda Best,Chile,39.16,a.purus.duis@hotmail.org
GLK42CXL8TL,Emi Harper,Italy,40.04,eu.ligula.aenean@google.couk
KEX96LUB0QS,Orla Hughes,Canada,41.97,aliquam.arcu.aliquam@outlook.org
UFA54JMF3GH,Kaye Weber,India,44.13,integer@outlook.com
OCY08QEF2GV,Hanna Evans,Ireland,45.15,donec.felis@outlook.net
ILJ16HJR4DN,Ryder Salinas,United States,45.6,curae.donec@hotmail.edu
BFQ85FVX5FI,Dara Steele,South Africa,46.48,fames.ac.turpis@aol.couk
QYM84SYY2OG,Zelda Mann,New Zealand,50.95,ligula@icloud.org
HLI64SQK4VC,Hayes Price,Nigeria,51.31,metus@hotmail.com
EWI26EHF8VE,Elaine Kennedy,Mexico,52.65,nullam@protonmail.couk
CRG17SQI2WC,Ursula Olsen,Ukraine,53.34,augue@icloud.org
GYO32JQH5EU,Dorian Stein,Germany,53.74,pulvinar.arcu@icloud.ca
RRR83GRB8QY,Lunea Horton,Norway,54.09,non@aol.com
YNW71WCR1LI,Carl Gates,Ireland,54.74,nisi.magna.sed@yahoo.net
IEH50TUH8XM,Ivan Duncan,Austria,55.09,blandit.mattis.cras@protonmail.ca
LQS57UTB4QY,Kai Leach,Philippines,55.24,enim@google.ca
YKH77IMX6TP,Yvette Cameron,Norway,58.17,orci.donec@icloud.com
XND37ORR2ID,Ira Reynolds,Vietnam,60.19,sapien.aenean@icloud.edu
ENZ88BVM1GV,Malcolm Battle,Indonesia,61.92,vivamus.non@protonmail.edu
FXL82SPA0JA,Levi Good,India,62.06,tempus.non@aol.ca
PXG61RRV8FO,Garrett Lynn,Pakistan,62.22,lectus@google.edu
YXI89CWQ8TW,Axel Melendez,South Africa,63.84,nunc@aol.couk
HFJ69TPH3VQ,Carolyn Chan,Germany,64.37,pharetra.quisque@icloud.org
SBD59CGA8RL,April Merritt,Belgium,66.03,convallis.in@aol.ca
NCO36ANL1JN,Quentin Conway,China,66.34,et@google.edu
CEY93XDY5GV,Alfonso Kline,Norway,66.92,commodo@icloud.ca
XOS79UWC3VI,Troy Fleming,United States,66.92,et.magnis.dis@hotmail.edu
QOL88ULP2XT,Ariana Sosa,Mexico,67.42,a.nunc@yahoo.couk
IES67THG3EP,Mufutau Washington,Australia,68.3,lorem.ipsum@aol.couk
EJJ18IQQ7FI,Mercedes Wilkerson,Philippines,68.45,lorem.tristique@outlook.edu
FQR36EON6YI,Callie Wells,Germany,68.53,mollis.non@icloud.org
DGJ35SCW2YT,Kellie Valencia,Colombia,69.02,ac.ipsum@hotmail.couk
COL19BGB2JI,Amelia Kirby,Germany,69.4,metus.aliquam@icloud.edu
OIW46BMC8NZ,April Church,Germany,70.9,id.magna@icloud.net
QFB54MWX4OP,Portia Mclaughlin,Mexico,72.04,vestibulum.ut.eros@yahoo.com
TJG64SEY8PO,Charles Tran,Philippines,72.07,et.ultrices@outlook.net
VUE82KBO7HX,Adrian Serrano,Netherlands,72.22,maecenas.ornare@outlook.edu
KTA76HEV8LX,Ray Cooke,Vietnam,72.25,tincidunt.vehicula@outlook.com
GHP63BHL0TF,Rigel Stokes,Chile,73.48,aliquam.nisl@yahoo.org
TXS02HNP4VH,Tiger Cervantes,New Zealand,75.54,fringilla@aol.couk
EWE23AZG8RV,Hilel Riley,Italy,75.78,justo@protonmail.net
HON66BQX7UJ,Gay Fox,Indonesia,76.51,amet@hotmail.org
WSB97SKT1OG,Addison Dale,Ireland,77.47,amet@aol.couk
JPV14KFQ8TG,Kirestin Holder,Italy,77.48,in.molestie.tortor@aol.com
WIM69QOS6RF,Maxine Wooten,Vietnam,77.6,non@icloud.couk
BRM73SZD6YM,Beck Hutchinson,Netherlands,78.77,tellus.id.nunc@protonmail.edu
FYP66CAS5TK,Madaline Chen,Russian Federation,78.86,ut.mi@outlook.ca
KUW69IUV8JU,Maris Lott,India,81.49,nascetur.ridiculus@yahoo.org
PFI94NIV6YD,Rahim Ryan,Turkey,81.9,lobortis.ultrices@aol.couk
GLI29YIV7OS,Dean Whitfield,Australia,82.23,eros.nec@google.edu
QGH39EWX4ND,Sharon Wilder,Singapore,82.4,sagittis.felis@hotmail.ca
WQP69BZM6XM,Kirk Gibson,Netherlands,84.15,a.feugiat.tellus@icloud.net
JTU61LGH0XC,Cooper Thornton,Australia,84.24,pede.blandit.congue@hotmail.ca
ODS85FLJ9ZF,Thane Welch,United Kingdom,86.84,metus.eu.erat@icloud.net
OBP30BTX9XD,Winter Holland,United States,87.44,cursus.et.eros@google.com
EBM48PFX2TX,Mannix Bell,Netherlands,87.56,dignissim.maecenas@hotmail.com
SHV62SQM7TM,Reece Mccullough,Nigeria,88.48,sodales.mauris@hotmail.couk
LNW72GDD5GQ,Dieter Gomez,United States,89.71,sed.diam@protonmail.couk
WYD72XPE4KT,Kylie Hatfield,Germany,90.12,arcu.curabitur@outlook.net
VFO55QJL9KB,Rachel Pitts,France,90.51,quisque.ornare@icloud.couk
ESM56LQJ1VY,Wylie Saunders,Belgium,93.01,blandit.enim@aol.edu
COX17AML9DD,Timothy Moss,Chile,93.1,cum.sociis.natoque@protonmail.ca
NKD33QAC9QD,Nerea Greer,India,94.6,mauris@protonmail.edu
NWE32DDJ7PP,Rajah Guerra,South Korea,96.39,eget.mollis@icloud.couk
PLU03QNO4WU,Irma Hodges,Singapore,98.02,magna.nec@google.net
IYB66NTV5XO,Raymond House,China,98.36,ipsum.ac.mi@hotmail.net
XWX52TRM3NN,Alec Valdez,China,98.68,ac@hotmail.ca
MUI67TPN3MN,Uriah Kirk,Nigeria,99.84,nullam.scelerisque@outlook.ca

