OQN71PLN6ZR,Vincent Orr,Indonesia,31.49,non.vestibulum@icloud.org
QFB54MWX4OP,Portia Mclaughlin,Mexico,72.04,vestibulum.ut.eros@yahoo.com
WIM69QOS6RF,Maxine Wooten,Vietnam,77.60,non@icloud.couk
SUC23PQE7RV,Dieter Stuart,Colombia,9.82,non.sapien@google.ca
GPO89ALH5DU,Vanna Anthony,China,32.85,at.libero.morbi@google.com
OIW46BMC8NZ,April Church,Germany,70.90,id.magna@icloud.net
FQR36EON6YI,Callie Wells,Germany,68.53,mollis.non@icloud.org
SXD41SWI4ZN,Adele Heath,Colombia,6.55,purus@aol.com
WYD72XPE4KT,Kylie Hatfield,Germany,90.12,arcu.curabitur@outlook.net
KUW69IUV8JU,Maris Lott,India,81.49,nascetur.ridiculus@yahoo.org
QOL88ULP2XT,Ariana Sosa,Mexico,67.42,a.nunc@yahoo.couk
ZYO53ITH9SF,Zorita Frank,New Zealand,4.15,a@yahoo.edu
PFI94NIV6YD,Rahim Ryan,Turkey,81.90,lobortis.ultrices@aol.couk
ESQ58VSP9OX,Bert Grimes,Ukraine,23.37,ultrices@google.edu
FKF64CCP6GC,Claudia Puckett,Chile,32.61,quisque@protonmail.edu
VRF03ZDR2HQ,Blake Jennings,Vietnam,26.49,et.magnis@yahoo.edu
YKV67ZVW7QI,Thomas Leblanc,Germany,15.84,luctus.ipsum@yahoo.edu
TJG64SEY8PO,Charles Tran,Philippines,72.07,et.ultrices@outlook.net
MYS24ATS8VE,Velma Greer,France,37.40,tempor@google.net
BRM73SZD6YM,Beck Hutchinson,Netherlands,78.77,tellus.id.nunc@protonmail.edu
NKD33QAC9QD,Nerea Greer,India,94.60,mauris@protonmail.edu
LQS57UTB4QY,Kai Leach,Philippines,55.24,enim@google.ca
XOS79UWC3VI,Troy Fleming,United States,66.92,et.magnis.dis@hotmail.edu
EWE23AZG8RV,Hilel Riley,Italy,75.78,justo@protonmail.net
SBD59CGA8RL,April Merritt,Belgium,66.03,convallis.in@aol.ca
MUI67TPN3MN,Uriah Kirk,Nigeria,99.84,nullam.scelerisque@outlook.ca
GLK42CXL8TL,Emi Harper,Italy,40.04,eu.ligula.aenean@google.couk
YXI89CWQ8TW,Axel Melendez,South Africa,63.84,nunc@aol.couk
TXS02HNP4VH,Tiger Cervantes,New Zealand,75.54,fringilla@aol.couk
SYV04HNQ2QE,Rose Aguirre,India,18.80,aliquam.vulputate@outlook.com
FYP66CAS5TK,Madaline Chen,Russian Federation,78.86,ut.mi@outlook.ca
LKK27BIK6XT,Damon Merritt,India,32.52,morbi.metus.vivamus@yahoo.edu
EBM48PFX2TX,Mannix Bell,Netherlands,87.56,dignissim.maecenas@hotmail.com
KEX96LUB0QS,Orla Hughes,Canada,41.97,aliquam.arcu.aliquam@outlook.org
OBP30BTX9XD,Winter Holland,United States,87.44,cursus.et.eros@google.com
QGH39EWX4ND,Sharon Wilder,Singapore,82.40,sagittis.felis@hotmail.ca
WQP69BZM6XM,Kirk Gibson,Netherlands,84.15,a.feugiat.tellus@icloud.net
YNW71WCR1LI,Carl Gates,Ireland,54.74,nisi.magna.sed@yahoo.net
TNF21XJY5OT,Desirae Anderson,New Zealand,9.55,libero.est@aol.couk
JTU61LGH0XC,Cooper Thornton,Australia,84.24,pede.blandit.congue@hotmail.ca
PJO05HZM3IB,Yardley Sweeney,Pakistan,34.30,nisi.mauris@hotmail.ca
CEY93XDY5GV,Alfonso Kline,Norway,66.92,commodo@icloud.ca
IES67THG3EP,Mufutau Washington,Australia,68.30,lorem.ipsum@aol.couk
KAC71QHS4LN,Claudia Good,Vietnam,20.41,quis.pede@hotmail.net
YKH77IMX6TP,Yvette Cameron,Norway,58.17,orci.donec@icloud.com
EWI26EHF8VE,Elaine Kennedy,Mexico,52.65,nullam@protonmail.couk
WSB97SKT1OG,Addison Dale,Ireland,77.47,amet@aol.couk
UFA54JMF3GH,Kaye Weber,India,44.13,integer@outlook.com
YMR85PQQ0ZJ,September Richardson,Colombia,11.96,ultricies.dignissim.lacus@google.edu
VUE82KBO7HX,Adrian Serrano,Netherlands,72.22,maecenas.ornare@outlook.edu
RJK39FTK6XD,Austin Wright,Costa Rica,5.33,sapien@yahoo.net
IEH50TUH8XM,Ivan Duncan,Austria,55.09,blandit.mattis.cras@protonmail.ca
OZA35TWC8VN,Barclay Cooke,Mexico,38.49,lacinia.at@icloud.net
HCK64BWP0QO,Cleo O'donnell,Australia,13.14,sit.amet@google.edu
ZGK54MXB4TJ,Kirestin Fisher,Spain,34.81,neque.pellentesque.massa@google.couk
YGV17LRC3WX,Susan Woodard,Spain,38.75,nec.luctus.felis@protonmail.com
XWQ65UTE8PB,Ryan Villarreal,Ireland,36.25,tempus.eu@aol.ca
ILJ16HJR4DN,Ryder Salinas,United States,45.60,curae.donec@hotmail.edu
GLI29YIV7OS,Dean Whitfield,Australia,82.23,eros.nec@google.edu
FXL82SPA0JA,Levi Good,India,62.06,tempus.non@aol.ca
IYB66NTV5XO,Raymond House,China,98.36,ipsum.ac.mi@hotmail.net
KTA76HEV8LX,Ray Cooke,Vietnam,72.25,tincidunt.vehicula@outlook.com
BFQ85FVX5FI,Dara Steele,South Africa,46.48,fames.ac.turpis@aol.couk
EJJ18IQQ7FI,Mercedes Wilkerson,Philippines,68.45,lorem.tristique@outlook.edu
DGJ35SCW2YT,Kellie Valencia,Colombia,69.02,ac.ipsum@hotmail.couk
EAY91XIX8MB,Jorden Osborn,Belgium,2.52,quis.urna@outlook.org
NWE32DDJ7PP,Rajah Guerra,South Korea,96.39,eget.mollis@icloud.couk
UWD67FNR7QP,Bradley Bowman,United Kingdom,25.20,eu.nulla@aol.net
COL19BGB2JI,Amelia Kirby,Germany,69.40,metus.aliquam@icloud.edu
OCY08QEF2GV,Hanna Evans,Ireland,45.15,donec.felis@outlook.net
PLU03QNO4WU,Irma Hodges,Singapore,98.02,magna.nec@google.net
CRG17SQI2WC,Ursula Olsen,Ukraine,53.34,augue@icloud.org
VFO55QJL9KB,Rachel Pitts,France,90.51,quisque.ornare@icloud.couk
XID33QKL7VQ,Herman Pope,Belgium,38.02,integer.aliquam.adipiscing@google.ca
ABM57QIX8KX,Oscar Delgado,South Africa,36.49,ac.urna@hotmail.edu
SHV62SQM7TM,Reece Mccullough,Nigeria,88.48,sodales.mauris@hotmail.couk
PXG61RRV8FO,Garrett Lynn,Pakistan,62.22,lectus@google.edu
NIN70KJG5PW,Wylie Whitney,Nigeria,25.30,mi.eleifend.egestas@hotmail.couk
NCO36ANL1JN,Quentin Conway,China,66.34,et@google.edu
UDQ50PVT7LQ,Henry Cole,Austria,2.10,quisque.fringilla@aol.edu
QYM84SYY2OG,Zelda Mann,New Zealand,50.95,ligula@icloud.org
ESM56LQJ1VY,Wylie Saunders,Belgium,93.01,blandit.enim@aol.edu
HLI64SQK4VC,Hayes Price,Nigeria,51.31,metus@hotmail.com
ENZ88BVM1GV,Malcolm Battle,Indonesia,61.92,vivamus.non@protonmail.edu
XWX52TRM3NN,Alec Valdez,China,98.68,ac@hotmail.ca
HFJ69TPH3VQ,Carolyn Chan,Germany,64.37,pharetra.quisque@icloud.org
ODS85FLJ9ZF,Thane Welch,United Kingdom,86.84,metus.eu.erat@icloud.net
HON66BQX7UJ,Gay Fox,Indonesia,76.51,amet@hotmail.org
XND37ORR2ID,Ira Reynolds,Vietnam,60.19,sapien.aenean@icloud.edu
EKF31RQO1UU,Clayton Valenzuela,United States,9.32,mus.proin.vel@hotmail.ca
EVT11AHU5GJ,Alan Curry,Nigeria,15.73,odio@google.com
RRR83GRB8QY,Lunea Horton,Norway,54.09,non@aol.com
COX17AML9DD,Timothy Moss,Chile,93.10,cum.sociis.natoque@protonmail.ca
GHP63BHL0TF,Rigel Stokes,Chile,73.48,aliquam.nisl@yahoo.org
GYO32JQH5EU,Dorian Stein,Germany,53.74,pulvinar.arcu@icloud.ca
ODF00HLI5KQ,Hector Rice,South Korea,20.63,purus.in@outlook.org
JPV14KFQ8TG,Kirestin Holder,Italy,77.48,in.molestie.tortor@aol.com
LNW72GDD5GQ,Dieter Gomez,United States,89.71,sed.diam@protonmail.couk
YLC05NKC2MQ,Wanda Best,Chile,39.16,a.purus.duis@hotmail.org
ABR23AYK4WO,Reed Cross,India,10.64,cursus@outlook.ca